model,term,coef,std_err,t,p_value,ci_lower_95,ci_upper_95
model2_log_level,Intercept,10.71869257873664,0.14646167916148364,73.18428028480116,4.517655081313789e-240,10.430797374163665,11.006587783309614
model2_log_level,"C(Gender, Treatment(reference='Female'))[T.Male]",0.06294612585725327,0.02948179630724074,2.135084484041214,0.03333636517355769,0.0049946683316734325,0.12089758338283312
model2_log_level,"C(Gender, Treatment(reference='Female'))[T.Other]",0.10728342092114934,0.3134342274688008,0.34228368033554446,0.7323098650478292,-0.508824570970785,0.7233914128130838
model2_log_level,"C(Q('Education Level'), Treatment(reference='High School'))[T.Bachelor]",0.6942663654348745,0.0574243291148704,12.090108428538693,4.693600957200474e-29,0.5813891331605977,0.8071435977091513
model2_log_level,"C(Q('Education Level'), Treatment(reference='High School'))[T.Master]",0.8467693228569674,0.06153624150117449,13.76049791472568,8.758583720227036e-36,0.7258094312521503,0.9677292144617845
model2_log_level,"C(Q('Education Level'), Treatment(reference='High School'))[T.PhD]",0.8553664516327841,0.0702188303070588,12.181439763270989,2.0578260822923023e-29,0.717339463058957,0.9933934402066112
model2_log_level,Age,-0.01581458503212609,0.00553382613670296,-2.857803017560718,0.004479563010785077,-0.026692256357611868,-0.004936913706640308
model2_log_level,Q('Years of Experience'),0.06911921427361846,0.006640175124920068,10.409245686039116,1.0349250863499173e-22,0.056066826871440115,0.0821716016757968
