model,term,coef,std_err,t,p_value,ci_lower_95,ci_upper_95
model2_log_level,Intercept,10.71869257873664,0.15323733743389156,69.94830867092567,1.696039828511807e-232,10.417478671717951,11.019906485755328
model2_log_level,"C(Gender, Treatment(reference='Female'))[T.Male]",0.06294612585725327,0.030371675543816735,2.0725272718800745,0.03883019393444921,0.003245460167967895,0.12264679154653865
model2_log_level,"C(Gender, Treatment(reference='Female'))[T.Other]",0.10728342092114934,58.857265612880866,0.0018227727673721637,0.9985465102155258,-115.58662792324368,115.80119476508598
model2_log_level,"C(Q('Education Level'), Treatment(reference='High School'))[T.Bachelor]",0.6942663654348745,0.050605316873467705,13.71923758862732,1.2965757736713288e-35,0.5947930551657505,0.7937396757039985
model2_log_level,"C(Q('Education Level'), Treatment(reference='High School'))[T.Master]",0.8467693228569674,0.05559391985133534,15.231329705142718,5.746703233817542e-42,0.7374900696062457,0.956048576107689
model2_log_level,"C(Q('Education Level'), Treatment(reference='High School'))[T.PhD]",0.8553664516327841,0.06414594559659421,13.334692374979959,4.912576538175635e-34,0.7292767451936211,0.9814561580719472
model2_log_level,Age,-0.01581458503212609,0.0057595332263961,-2.745810191639734,0.006297346655911954,-0.02713592182104775,-0.004493248243204427
model2_log_level,Q('Years of Experience'),0.06911921427361846,0.008163867911240682,8.46647876044754,4.3561096624204835e-16,0.05307175096533581,0.0851666775819011
