model,term,coef,std_err,t,p_value,ci_lower_95,ci_upper_95
model3_log_level_extended,Intercept,9.677182244108067,0.4721692252065541,20.495156667346773,5.932702707385134e-65,8.749034187430365,10.60533030078577
model3_log_level_extended,"C(Gender, Treatment(reference='Female'))[T.Male]",0.03525389690628349,0.03457440948055356,1.0196529003947878,0.3084885832540116,-0.032709386715424095,0.10321718052799109
model3_log_level_extended,"C(Gender, Treatment(reference='Female'))[T.Other]",-0.17773209423830222,176.94124049633092,-0.0010044695840254816,0.9991990331834173,-347.9930062493234,347.6375420608468
model3_log_level_extended,"C(Q('Education Level'), Treatment(reference='High School'))[T.Bachelor]",0.5598442121310079,0.08556920026289801,6.542590212494378,1.7881831204207523e-10,0.3916399271085549,0.7280484971534609
model3_log_level_extended,"C(Q('Education Level'), Treatment(reference='High School'))[T.Master]",0.8556254611772313,0.08009687231275159,10.682382925469287,1.0882367536117267e-23,0.6981781892790656,1.013072733075397
model3_log_level_extended,"C(Q('Education Level'), Treatment(reference='High School'))[T.PhD]",1.0752063153284266,0.14421909069621783,7.455367456124337,5.294360652112544e-13,0.7917133182849123,1.3586993123719409
model3_log_level_extended,Age,0.045146332034326164,0.02689403433530078,1.678674588998633,0.09397005500590654,-0.007719556659739377,0.0980122207283917
model3_log_level_extended,Age2,-0.0008538458441819999,0.00037638707625556214,-2.2685312489375944,0.023811028849281348,-0.0015937139142206177,-0.00011397777414338223
model3_log_level_extended,Q('Years of Experience'),0.08720372495755511,0.00909642941199997,9.586588430237951,8.633177491044227e-20,0.06932277713051219,0.10508467278459804
model3_log_level_extended,Exp_x_Bachelor,0.00268057391912093,0.011038041404854104,0.2428486921549431,0.8082428836213789,-0.01901702120678258,0.02437816904502444
model3_log_level_extended,Exp_x_Master,-0.0190578569338749,0.007259279175935714,-2.625309823742708,0.00897763539475422,-0.033327499045933774,-0.004788214821816026
model3_log_level_extended,Exp_x_PhD,-0.02903703510287352,0.009909347551403814,-2.930267099044273,0.003574190584532964,-0.048515944743280436,-0.009558125462466607
