model,term,coef,std_err,t,p_value,ci_lower_95,ci_upper_95
model2_log_level,Intercept,10.846028470586162,0.19228233929538552,56.40678447293288,1.5251250861082673e-197,10.468067639786296,11.223989301386029
model2_log_level,"C(Gender, Treatment(reference='Female'))[T.Male]",0.04225738499595297,0.03872194085444526,1.0913033815840314,0.2757680433756468,-0.03385660960781804,0.11837137959972398
model2_log_level,"C(Gender, Treatment(reference='Female'))[T.Other]",0.032233939512587254,0.4119641378607884,0.07824452798238424,0.9376709834277346,-0.7775456189023815,0.842013497927556
model2_log_level,"C(Q('Education Level'), Treatment(reference='High School'))[T.Bachelor]",0.6598888388266098,0.07543877118163321,8.747343421565043,5.407250041411861e-17,0.5116022060821983,0.8081754715710212
model2_log_level,"C(Q('Education Level'), Treatment(reference='High School'))[T.Master]",0.8314995550463978,0.08087996226446824,10.280662005349226,2.97564235559781e-22,0.6725174153212342,0.9904816947715614
model2_log_level,"C(Q('Education Level'), Treatment(reference='High School'))[T.PhD]",0.8375662397596684,0.09229148901983074,9.075227289698402,4.5040689301013605e-18,0.6561529701192093,1.0189795094001275
model2_log_level,Age,-0.02078674020314312,0.007264474796189895,-2.861423679802075,0.004429190289790453,-0.03506619477683999,-0.006507285629446247
model2_log_level,Q('Years of Experience'),0.07657473043892776,0.0087103306320856,8.791254163975717,3.8899686719329494e-17,0.05945322144174858,0.09369623943610694
