model,term,coef,std_err,t,p_value,ci_lower_95,ci_upper_95
model1_level_level,Intercept,65191.73749956289,15800.338921155118,4.125970830428042,4.456729980611067e-05,34133.714971632384,96249.76002749341
model1_level_level,"C(Gender, Treatment(reference='Female'))[T.Male]",5326.145442339959,2964.761516044511,1.7964836002883395,0.07313953153745245,-501.5542300997349,11153.845114779653
model1_level_level,"C(Gender, Treatment(reference='Female'))[T.Other]",-27772.277912764213,103533.46264272738,-0.2682444612965435,0.7886434805266256,-231283.39442730788,175738.83860177948
model1_level_level,"C(Q('Education Level'), Treatment(reference='High School'))[T.Bachelor]",36449.70296807188,2939.064054525203,12.401806252555533,2.719683609082257e-30,30672.515651269612,42226.89028487414
model1_level_level,"C(Q('Education Level'), Treatment(reference='High School'))[T.Master]",48547.673226904124,3904.2406314743944,12.434600684069675,2.016020358136182e-30,40873.28129823222,56222.06515557603
model1_level_level,"C(Q('Education Level'), Treatment(reference='High School'))[T.PhD]",57205.32425318837,5207.668241056357,10.984824993687477,7.806161422360181e-25,46968.84272226611,67441.80578411063
model1_level_level,Age,-1659.979732423165,635.8789630795658,-2.610527834391427,0.009365163992686842,-2909.8986904222284,-410.06077442410174
model1_level_level,Q('Years of Experience'),7282.256757381144,846.9341223260956,8.598374496212886,1.6392313294549858e-16,5617.476072477081,8947.037442285206
