model,term,coef,std_err,t,p_value,ci_lower_95,ci_upper_95
model2_log_level,Intercept,10.846028470586162,0.20357117355328683,53.27880309019835,1.89665866199626e-188,10.445877681048984,11.246179260123341
model2_log_level,"C(Gender, Treatment(reference='Female'))[T.Male]",0.04225738499595297,0.036845745808760426,1.1468728361553717,0.2520902264472045,-0.030168656565389806,0.11468342655729574
model2_log_level,"C(Gender, Treatment(reference='Female'))[T.Other]",0.032233939512587254,18.667219059855782,0.0017267670888325818,0.9986230636580928,-36.661087196691845,36.72555507571702
model2_log_level,"C(Q('Education Level'), Treatment(reference='High School'))[T.Bachelor]",0.6598888388266098,0.059795953097285685,11.035677243123734,5.039883263254414e-25,0.5423505969166189,0.7774270807366006
model2_log_level,"C(Q('Education Level'), Treatment(reference='High School'))[T.Master]",0.8314995550463978,0.056440704836118134,14.732267385050369,7.289758841877479e-40,0.7205565752128816,0.942442534879914
model2_log_level,"C(Q('Education Level'), Treatment(reference='High School'))[T.PhD]",0.8375662397596684,0.06477922912136742,12.929549349691122,2.1085940404851984e-32,0.7102325941060524,0.9648998854132843
model2_log_level,Age,-0.02078674020314312,0.00784254961938546,-2.6505079613091387,0.008342223845932738,-0.03620249071145433,-0.005370989694831905
model2_log_level,Q('Years of Experience'),0.07657473043892776,0.011366593217549464,6.736823336010664,5.37733812792037e-11,0.054231924377735705,0.09891753650011982
