variable,Age,Years of Experience,Salary,lnSalary
Age,1.0,0.9388489061628712,0.7200843320718593,0.6243883734568976
Years of Experience,0.9388489061628712,1.0,0.791388650153364,0.6955459604652312
Salary,0.7200843320718593,0.791388650153364,1.0,0.9086461021175212
lnSalary,0.6243883734568976,0.6955459604652312,0.9086461021175212,1.0
