variable,mean,sd,min,max
Age,33.917840375586856,7.74385895793192,21.0,60.0
Years of Experience,8.460093896713616,6.49946995055916,0.0,34.0
Salary,114572.46244131455,53045.51820753234,350.0,240000.0
